zip,lat,lng
46001,40.251414, -85.658072
46011,40.129994, -85.760692
46012,40.154670, -85.619672
46013,40.047934, -85.681768
46016,40.097817, -85.681513
46017,40.069277, -85.607160
46030,40.159492, -86.009481
46031,40.210969, -86.018095
46032,39.962604, -86.174761
46033,39.979283, -86.085557
46034,40.127927, -86.046784
46035,40.190015, -86.677981
46036,40.295166, -85.831108
46037,39.960563, -85.947162
46038,39.966704, -86.017173
46039,40.369458, -86.312273
46040,39.927284, -85.834273
46041,40.295035, -86.493864
46044,40.211777, -85.792705
46045,40.288764, -86.149860
46047,40.284140, -85.947357
46048,39.955501, -85.801742
46049,40.294988, -86.221816
46050,40.204434, -86.348899
46051,40.057932, -85.837287
46052,40.042907, -86.456535
46055,39.888415, -85.902210
46056,39.975850, -85.611772
46057,40.336265, -86.377328
46058,40.361165, -86.647378
46060,40.064624, -85.915911
46062,40.061266, -86.056039
46063,40.270448, -85.723973
46064,39.981812, -85.738750
46065,40.427348, -86.610394
46068,40.376963, -86.115827
46069,40.138691, -86.228367
46070,40.335565, -85.662341
46071,40.119997, -86.608790
46072,40.286104, -86.067353
46074,40.034796, -86.170706
46075,40.020864, -86.330672
46076,40.356035, -85.928005
46077,39.984562, -86.282625
46103,39.688623, -86.613632
46104,39.658470, -85.601830
46105,39.764072, -86.810568
46106,39.513173, -86.205119
46107,39.716414, -86.091463
46110,39.551781, -85.926480
46111,39.538824, -86.369536
46112,39.863910, -86.382425
46113,39.636299, -86.302553
46115,39.738754, -85.566649
46117,39.814706, -85.615963
46118,39.662375, -86.518005
46120,39.511432, -86.789094
46121,39.679042, -86.678783
46122,39.773312, -86.551134
46123,39.764395, -86.403457
46124,39.370017, -85.927910
46125,39.521518, -86.641603
46126,39.618024, -85.880340
46127,39.711952, -85.312209
46128,39.658583, -86.742562
46130,39.672748, -85.835022
46131,39.473489, -86.043592
46133,39.595055, -85.310832
46135,39.654571, -86.893996
46140,39.801973, -85.772071
46142,39.621810, -86.175319
46143,39.595860, -86.116319
46144,39.655159, -85.647354
46146,39.585666, -85.568334
46147,39.971149, -86.622827
46148,39.811400, -85.512466
46149,39.883167, -86.553583
46150,39.545464, -85.602908
46151,39.457212, -86.433280
46155,39.743501, -85.429741
46156,39.489361, -85.494450
46157,39.553630, -86.528731
46158,39.579356, -86.373602
46160,39.351134, -86.268692
46161,39.669880, -85.696284
46162,39.555779, -85.953942
46163,39.730807, -85.900593
46164,39.327830, -86.126245
46165,39.849828, -86.640151
46166,39.432913, -86.587296
46167,39.876973, -86.467801
46168,39.685257, -86.392912
46171,39.525101, -86.960902
46172,39.827835, -86.818464
46173,39.600880, -85.430616
46175,39.815724, -86.966359
46176,39.527281, -85.774394
46180,39.592189, -86.618525
46181,39.372155, -86.171601
46182,39.458501, -85.669492
46183,39.652679, -86.281653
46184,39.561936, -86.072222
46186,39.894213, -85.644782
46201,39.774142, -86.109200
46202,39.784102, -86.163477
46203,39.737584, -86.096930
46204,39.771994, -86.156997
46205,39.829397, -86.134374
46208,39.819111, -86.171089
46214,39.792817, -86.291528
46216,39.871602, -86.011557
46217,39.674631, -86.191451
46218,39.807262, -86.099746
46219,39.782412, -86.042939
46220,39.867114, -86.108848
46221,39.691852, -86.238222
46222,39.790968, -86.215260
46224,39.795413, -86.256890
46225,39.740314, -86.163255
46226,39.838896, -86.052485
46227,39.674763, -86.132676
46228,39.848228, -86.200725
46229,39.788484, -85.977075
46231,39.715527, -86.320620
46234,39.813309, -86.326363
46235,39.836957, -85.974537
46236,39.895722, -85.967501
46237,39.671143, -86.072110
46239,39.721517, -85.999033
46240,39.906046, -86.124634
46241,39.729852, -86.285424
46250,39.898839, -86.058720
46254,39.849717, -86.271637
46256,39.908383, -86.013138
46259,39.650921, -85.981465
46260,39.898143, -86.177595
46268,39.898613, -86.233341
46278,39.892946, -86.298050
46280,39.932373, -86.131280
46290,39.938421, -86.163234
46301,41.691148, -86.978774
46303,41.373714, -87.478977
46304,41.613633, -87.046206
46307,41.403937, -87.326039
46310,41.179926, -87.230800
46311,41.465084, -87.508915
46312,41.646953, -87.453983
46319,41.525472, -87.422201
46320,41.691764, -87.510917
46321,41.547510, -87.503268
46322,41.546622, -87.457616
46323,41.589434, -87.453729
46324,41.583084, -87.501585
46327,41.627870, -87.498701
46340,41.382571, -86.770664
46341,41.309672, -87.214561
46342,41.518185, -87.244908
46345,41.527320, -86.698715
46346,41.472000, -86.692637
46347,41.306668, -87.013293
46348,41.310322, -86.861894
46349,41.097944, -87.412468
46350,41.607057, -86.721724
46356,41.256618, -87.422184
46360,41.689340, -86.869265
46365,41.611548, -86.545465
46366,41.215648, -86.768059
46368,41.590820, -87.180707
46371,41.688094, -86.595221
46373,41.448355, -87.467901
46374,41.204502, -86.897332
46375,41.491818, -87.448746
46376,41.184664, -87.475764
46377,41.194734, -87.338678
46379,41.167886, -87.439972
46381,41.168551, -87.324634
46382,41.461306, -86.761986
46383,41.463199, -87.007505
46385,41.460058, -87.129705
46390,41.419466, -86.881518
46391,41.554106, -86.918985
46392,41.178401, -87.048317
46393,41.508211, -87.177620
46394,41.677695, -87.489493
46402,41.599334, -87.330662
46403,41.608093, -87.262233
46404,41.584047, -87.374030
46405,41.575007, -87.262305
46406,41.602997, -87.408048
46407,41.578440, -87.330137
46408,41.545938, -87.368484
46409,41.548312, -87.324279
46410,41.480207, -87.333065
46501,41.223031, -86.246291
46502,41.259415, -85.976238
46504,41.301061, -86.111272
46506,41.462622, -86.172400
46507,41.720973, -85.818067
46508,41.150407, -85.976783
46510,41.121661, -85.870707
46511,41.219420, -86.426977
46514,41.722641, -85.976908
46516,41.676594, -85.944127
46517,41.627290, -85.997855
46524,41.305641, -86.014116
46526,41.558780, -85.876662
46528,41.600525, -85.784864
46530,41.740931, -86.126918
46531,41.356985, -86.519382
46532,41.411435, -86.611346
46534,41.285345, -86.617818
46536,41.514551, -86.298011
46537,41.459879, -86.310197
46538,41.330237, -85.823415
46539,41.163149, -86.026511
46540,41.680015, -85.698192
46542,41.396628, -85.869691
46543,41.535194, -85.672121
46544,41.615082, -86.147820
46545,41.693766, -86.146824
46550,41.445994, -86.000647
46552,41.706315, -86.481879
46553,41.479526, -85.849206
46554,41.557413, -86.416992
46555,41.326506, -85.680481
46556,41.707119, -86.251338
46561,41.663978, -86.075352
46562,41.208342, -85.684898
46563,41.356728, -86.327261
46565,41.694850, -85.577499
46567,41.416491, -85.725422
46570,41.197926, -86.121792
46571,41.575590, -85.547199
46573,41.544364, -86.069668
46574,41.481951, -86.486629
46580,41.213832, -85.869547
46582,41.280602, -85.854448
46590,41.217143, -85.813135
46595,41.526336, -86.166605
46601,41.670274, -86.252661
46613,41.655494, -86.258431
46614,41.603188, -86.279210
46615,41.673953, -86.211710
46616,41.697826, -86.266028
46617,41.684553, -86.234758
46619,41.660941, -86.353750
46628,41.723298, -86.328342
46635,41.714357, -86.201743
46637,41.733701, -86.241470
46701,41.360791, -85.431238
46702,40.831378, -85.628114
46703,41.649589, -85.006550
46704,41.103975, -85.292577
46705,41.518869, -85.059669
46706,41.341594, -85.032655
46710,41.342351, -85.242144
46711,40.661951, -84.926879
46714,40.722652, -85.176526
46721,41.423132, -84.876656
46723,41.245530, -85.326545
46725,41.148544, -85.475768
46730,41.458442, -85.151597
46731,40.793538, -85.099634
46732,41.379566, -85.622389
46733,40.828228, -84.940039
46737,41.719282, -84.929830
46738,41.318908, -85.148865
46740,40.604280, -84.964762
46741,41.216995, -84.951172
46742,41.548594, -84.879092
46743,41.215359, -84.851125
46745,40.951657, -85.009422
46746,41.725354, -85.344932
46747,41.565687, -85.157978
46748,41.248585, -85.161149
46750,40.878460, -85.496399
46755,41.449220, -85.275147
46759,40.603927, -85.178498
46760,41.345491, -85.552692
46761,41.634450, -85.377399
46763,41.301427, -85.232689
46764,41.224389, -85.620412
46765,41.232447, -85.048745
46766,40.708823, -85.288636
46767,41.470883, -85.570523
46770,40.837684, -85.324251
46771,41.694296, -85.296149
46772,40.721508, -84.913716
46773,40.982148, -84.875607
46774,41.089259, -84.972549
46776,41.721181, -85.165915
46777,40.869136, -85.147577
46779,41.577202, -85.039473
46781,40.632380, -85.268890
46783,40.969261, -85.357314
46784,41.500444, -85.388310
46785,41.323197, -84.877756
46786,41.532044, -85.272374
46787,41.066251, -85.619724
46788,41.272928, -84.908026
46791,40.837816, -85.232101
46792,40.684316, -85.443330
46793,41.452403, -85.015268`

const rawData2 = `zip,AGE GROUP,claims,TOTAL NUMBER OF MENTAL HEALTH PATIENTS,cost,TOTAL NUMBER OF ER CLAIMS FROM MENTAL HEALTH PATIENTS
46001,"Youth",5662,109,648428,134
46001,"Adult",10816,153,1369987,503
46011,"Youth",10419,177,1104769,207
46011,"Adult",16152,204,2397808,687
46012,"Youth",13331,214,1798698,279
46012,"Adult",19852,281,2493697,1010
46013,"Youth",10729,206,1312739,214
46013,"Adult",22714,278,2903455,1041
46016,"Youth",25004,455,2772984,644
46016,"Adult",71175,871,9917926,4155
46017,"Youth",3545,63,428166,103
46017,"Adult",4626,75,541335,231
46030,"Youth",853,27,72283,22
46030,"Adult",1807,23,285103,203
46032,"Youth",1787,50,163565,45
46032,"Adult",9809,107,1554064,384
46033,"Youth",1344,29,355832,25
46033,"Adult",3956,57,698796,120
46034,"Youth",1269,34,170086,36
46034,"Adult",3138,42,392052,184
46036,"Youth",8554,200,887060,187
46036,"Adult",15112,246,2028534,921
46037,"Youth",2805,76,509031,43
46037,"Adult",2522,46,483242,125
46038,"Youth",3397,86,394578,89
46038,"Adult",5857,85,1256242,181
46040,"Youth",2788,59,379806,48
46040,"Adult",3634,56,428058,156
46041,"Youth",11238,281,1145138,391
46041,"Adult",27145,384,3601385,2162
46044,"Youth",805,23,93764,30
46048,"Youth",1222,25,168663,NA
46051,"Adult",1547,23,204871,62
46052,"Youth",13317,195,1725519,311
46052,"Adult",22794,304,3553881,1623
46055,"Youth",2727,51,405869,58
46055,"Adult",1027,21,151352,47
46056,"Adult",1247,23,122329,38
46060,"Youth",10590,282,1285248,286
46060,"Adult",25785,342,3851829,1687
46062,"Youth",3641,108,445823,96
46062,"Adult",8348,125,1635986,444
46064,"Youth",2804,66,353348,59
46064,"Adult",5721,78,698768,238
46065,"Youth",1280,35,130700,59
46065,"Adult",2719,34,640788,159
46068,"Youth",1204,21,133647,50
46069,"Youth",1795,44,220860,69
46069,"Adult",5322,64,1254468,272
46071,"Youth",990,22,102525,NA
46071,"Adult",2368,32,376019,142
46072,"Youth",2546,61,259048,128
46072,"Adult",5361,81,881312,291
46074,"Youth",4192,103,504607,111
46074,"Adult",7862,111,930256,342
46077,"Youth",1848,37,378624,55
46077,"Adult",6045,60,2128870,146
46105,"Adult",1304,21,138831,37
46106,"Youth",2911,42,365989,37
46106,"Adult",1353,27,206468,80
46107,"Youth",9539,134,1280350,184
46107,"Adult",9499,130,1379896,460
46112,"Youth",10378,191,1266141,185
46112,"Adult",12002,158,1802801,531
46113,"Youth",11736,193,1469499,210
46113,"Adult",8286,106,1285738,446
46115,"Youth",1281,28,226779,44
46118,"Youth",2760,49,239322,63
46118,"Adult",2838,44,402420,223
46120,"Youth",3385,75,417993,85
46120,"Adult",5545,93,776689,363
46121,"Youth",1317,30,150820,36
46122,"Youth",4566,101,522237,123
46122,"Adult",10161,136,1289648,409
46123,"Youth",9495,178,1401220,167
46123,"Adult",8715,127,1254203,396
46124,"Youth",6315,83,726805,117
46124,"Adult",8433,121,1232090,502
46126,"Youth",1060,26,132155,34
46126,"Adult",3537,46,462931,123
46128,"Youth",1017,22,154053,NA
46128,"Adult",1499,27,191619,130
46131,"Youth",22253,303,2452381,424
46131,"Adult",28474,345,3984871,1367
46135,"Youth",7681,202,879383,298
46135,"Adult",23012,306,3456840,1364
46140,"Youth",12852,228,1288700,296
46140,"Adult",19994,262,2888964,1153
46142,"Youth",15364,202,1970346,216
46142,"Adult",17335,199,2716221,725
46143,"Youth",47752,479,5219754,583
46143,"Adult",25652,320,4021598,1166
46148,"Youth",1476,26,201721,NA
46148,"Adult",3022,38,459576,191
46151,"Youth",19458,363,2184345,631
46151,"Adult",27698,448,3882174,2218
46157,"Adult",1397,30,147761,97
46158,"Youth",19060,272,2098347,386
46158,"Adult",11413,171,1395908,661
46160,"Youth",4176,71,623377,82
46160,"Adult",3919,59,692400,225
46163,"Youth",2330,46,345401,39
46163,"Adult",3027,41,374806,128
46164,"Youth",3549,44,394150,103
46164,"Adult",1879,26,334940,80
46166,"Youth",1808,34,189457,43
46166,"Adult",1311,26,169037,148
46167,"Adult",2329,22,360801,93
46168,"Youth",7330,175,871550,229
46168,"Adult",19980,305,2802888,919
46172,"Youth",1601,35,211577,50
46172,"Adult",2324,32,335107,141
46173,"Youth",6157,147,636242,333
46173,"Adult",17131,224,2016670,1020
46176,"Youth",8591,171,1337444,257
46176,"Adult",40286,425,5486452,2102
46181,"Youth",1550,30,215627,NA
46181,"Adult",2545,40,426229,150
46184,"Youth",9969,122,1081850,119
46184,"Adult",5198,71,699180,220
46201,"Youth",29056,543,3657264,885
46201,"Adult",66471,1005,9668917,4832
46202,"Youth",5642,98,684566,115
46202,"Adult",29574,458,4761798,2681
46203,"Youth",44484,695,5703147,1005
46203,"Adult",49268,733,8364218,3441
46204,"Youth",16410,159,2401644,283
46204,"Adult",24038,352,3637043,2100
46205,"Youth",16510,297,2380280,331
46205,"Adult",34466,487,5712860,1716
46208,"Youth",11101,226,1315575,321
46208,"Adult",37580,547,6670725,2790
46214,"Youth",11360,242,1420143,275
46214,"Adult",10259,176,1737451,644
46217,"Youth",14980,183,1697323,188
46217,"Adult",11945,175,1735415,702
46218,"Youth",36587,659,4251680,785
46218,"Adult",57058,793,8254043,3334
46219,"Youth",39338,586,5002334,795
46219,"Adult",62213,725,10420573,3003
46220,"Youth",7017,116,1299979,114
46220,"Adult",10401,150,2127084,338
46221,"Youth",21543,409,3277514,597
46221,"Adult",20957,337,3382561,1439
46222,"Youth",39806,716,5439886,970
46222,"Adult",53607,712,9770690,2991
46224,"Youth",19700,399,2414152,471
46224,"Adult",28465,416,3889552,1402
46225,"Youth",6291,99,763977,158
46225,"Adult",10767,153,1881282,677
46226,"Youth",54643,866,6300861,981
46226,"Adult",50011,674,8219530,2706
46227,"Youth",45405,612,5149291,690
46227,"Adult",75785,825,10610969,3653
46228,"Youth",5361,120,722231,105
46228,"Adult",7426,110,1292084,296
46229,"Youth",30909,498,3334654,457
46229,"Adult",29918,390,5241823,1872
46231,"Youth",5959,116,719068,148
46231,"Adult",5062,75,849553,336
46234,"Youth",13403,244,1888708,314
46234,"Adult",10694,172,1654453,682
46235,"Youth",38007,685,4143529,828
46235,"Adult",30621,430,5309011,1863
46236,"Youth",9149,157,1077669,119
46236,"Adult",7002,112,1331584,294
46237,"Youth",17971,261,2053976,312
46237,"Adult",16285,247,3153442,882
46239,"Youth",18718,281,2007951,275
46239,"Adult",11774,152,2367929,480
46240,"Youth",5196,100,618731,99
46240,"Adult",9875,122,990577,242
46241,"Youth",44799,681,5700344,825
46241,"Adult",40120,561,7165811,2254
46250,"Youth",2822,60,325277,58
46250,"Adult",19608,181,5381771,961
46254,"Youth",21863,435,2840697,367
46254,"Adult",22021,318,3675946,984
46256,"Youth",4911,80,504094,90
46256,"Adult",7583,102,1644904,350
46259,"Youth",4321,47,442864,59
46259,"Adult",1421,25,212280,75
46260,"Youth",13568,303,1863245,254
46260,"Adult",27231,281,6275402,846
46268,"Youth",10301,211,1340459,197
46268,"Adult",19748,230,2661127,459
46278,"Youth",1372,24,195138,NA
46280,"Youth",3136,54,367722,56
46280,"Adult",2541,40,337204,120
46303,"Youth",2979,68,252709,77
46303,"Adult",6779,111,1026914,240
46304,"Youth",3717,87,1130920,65
46304,"Adult",15098,236,2088418,640
46307,"Youth",7537,145,848878,180
46307,"Adult",25452,388,4413664,969
46310,"Youth",4566,75,471969,92
46310,"Adult",7520,109,902464,248
46311,"Youth",4290,57,843851,83
46311,"Adult",4949,69,741111,174
46312,"Youth",12201,333,1550932,619
46312,"Adult",33701,480,5320397,1989
46319,"Youth",4708,112,476554,117
46319,"Adult",12896,178,1691687,488
46320,"Youth",8480,245,926025,285
46320,"Adult",25573,322,3590328,1352
46321,"Adult",5944,67,1268327,206
46322,"Youth",2646,70,362980,57
46322,"Adult",9230,138,1615523,323
46323,"Youth",5199,153,704870,163
46323,"Adult",18462,259,2322685,804
46324,"Youth",9355,226,1330434,268
46324,"Adult",17475,249,3312326,806
46327,"Youth",5328,171,482745,195
46327,"Adult",9679,161,1404386,437
46341,"Youth",1478,45,170658,66
46341,"Adult",6989,93,842150,258
46342,"Youth",8550,212,897132,231
46342,"Adult",37123,494,7003661,1438
46346,"Adult",2325,30,596523,108
46347,"Youth",2098,23,541201,54
46347,"Adult",3055,29,518930,65
46349,"Youth",1425,22,174852,NA
46349,"Adult",1042,25,153647,NA
46350,"Youth",11121,251,1132368,360
46350,"Adult",45186,573,5417795,2024
46356,"Youth",2068,56,242497,68
46356,"Adult",6459,94,1117397,202
46360,"Youth",20497,474,2040490,802
46360,"Adult",79354,824,9039046,3791
46366,"Youth",1908,37,208527,51
46366,"Adult",9410,134,1458481,480
46368,"Youth",10283,273,1275184,387
46368,"Adult",45334,658,5767357,1739
46373,"Adult",2146,29,410789,49
46374,"Adult",2051,24,206850,72
46375,"Youth",6181,85,1066774,124
46375,"Adult",6345,93,925269,249
46383,"Youth",7968,169,769768,254
46383,"Adult",54255,613,8696354,1764
46385,"Youth",6252,166,720318,174
46385,"Adult",25990,402,3154300,1046
46390,"Adult",1295,24,149219,77
46391,"Adult",5881,91,941221,299
46392,"Youth",3281,46,472206,72
46392,"Adult",4212,63,477462,175
46394,"Youth",2694,83,330797,84
46394,"Adult",8945,144,1318822,322
46402,"Youth",1673,59,173023,44
46402,"Adult",32345,263,4636210,727
46403,"Youth",3883,103,444302,128
46403,"Adult",16078,258,2274292,681
46404,"Youth",6297,169,683341,165
46404,"Adult",17963,284,2822300,700
46405,"Youth",3702,114,388863,132
46405,"Adult",33893,363,4157468,1082
46406,"Youth",4057,107,1488627,111
46406,"Adult",9274,163,1351418,469
46407,"Youth",3092,114,382775,83
46407,"Adult",20382,295,2807346,632
46408,"Youth",7388,188,912751,168
46408,"Adult",27893,382,3491795,974
46409,"Youth",4303,95,515282,89
46409,"Adult",10093,159,1750867,491
46410,"Youth",9226,239,1092091,200
46410,"Adult",42807,527,8818973,951
46501,"Youth",2497,41,295988,50
46501,"Adult",3407,47,362759,108
46504,"Youth",1440,26,178955,36
46504,"Adult",2074,23,245956,96
46506,"Youth",3382,52,450814,38
46506,"Adult",5502,76,1317189,171
46507,"Youth",2376,44,248062,53
46507,"Adult",3691,34,514127,70
46510,"Youth",1510,29,318801,44
46510,"Adult",3597,39,384474,234
46511,"Youth",1634,30,187938,30
46511,"Adult",3887,56,894974,147
46514,"Youth",16670,269,1511778,360
46514,"Adult",21795,250,2704587,997
46516,"Youth",21343,303,1984647,416
46516,"Adult",31724,350,4110496,1858
46517,"Youth",12390,174,1123892,240
46517,"Adult",21721,200,2169749,767
46524,"Youth",1271,21,151419,NA
46524,"Adult",1890,22,457455,79
46526,"Youth",12311,171,1195586,194
46526,"Adult",19559,168,2042910,626
46527,"Youth",6174,43,489452,64
46528,"Youth",7419,116,608072,163
46528,"Adult",14869,136,1745118,490
46530,"Youth",3796,43,428161,NA
46530,"Adult",2800,39,391633,65
46532,"Adult",2145,34,212597,104
46534,"Youth",3712,79,367444,146
46534,"Adult",22260,320,3200298,1078
46538,"Youth",971,21,152050,NA
46538,"Adult",1959,31,268554,72
46539,"Youth",1167,24,178152,35
46539,"Adult",1805,21,230031,96
46540,"Youth",2149,28,252463,43
46540,"Adult",2074,22,211786,67
46542,"Youth",2554,36,412982,34
46542,"Adult",2073,27,310748,106
46544,"Youth",34192,253,2964184,329
46544,"Adult",19794,216,2307937,723
46545,"Youth",6799,112,592564,114
46545,"Adult",12653,145,1474692,422
46550,"Youth",2803,46,759648,33
46550,"Adult",1741,28,224932,60
46552,"Adult",2412,28,226824,100
46554,"Youth",1599,23,204747,24
46554,"Adult",2106,25,196959,39
46555,"Adult",1654,27,215770,75
46561,"Youth",4743,67,502083,64
46561,"Adult",2306,35,347396,113
46562,"Youth",4863,73,738553,167
46562,"Adult",3945,66,514299,296
46563,"Youth",11618,188,1934255,248
46563,"Adult",35285,365,5960257,1046
46565,"Adult",1085,21,92590,57
46567,"Youth",4464,86,685300,66
46567,"Adult",5645,86,672358,220
46571,"Adult",1927,24,386253,101
46574,"Youth",3213,54,380002,51
46574,"Adult",5491,74,715610,221
46580,"Youth",14364,253,2196934,393
46580,"Adult",39613,422,8588351,2029
46581,"Adult",2244,23,271772,123
46582,"Youth",7371,118,1068546,159
46582,"Adult",18763,159,2838269,596
46590,"Youth",1566,25,215506,49
46590,"Adult",1949,31,327756,47
46601,"Youth",4873,73,557253,118
46601,"Adult",26417,304,3803747,1462
46613,"Youth",7495,138,783345,126
46613,"Adult",11497,173,1538603,911
46614,"Youth",7141,122,708471,151
46614,"Adult",10658,127,1744702,296
46615,"Youth",7053,118,713625,85
46615,"Adult",14065,132,1545694,385
46616,"Youth",3403,51,351679,34
46616,"Adult",9438,93,1169031,320
46617,"Youth",2395,38,239969,NA
46617,"Adult",10744,92,1357151,227
46619,"Youth",15516,242,1733178,195
46619,"Adult",11147,137,1623236,636
46628,"Youth",14581,250,1451011,209
46628,"Adult",32116,308,3304343,765
46637,"Youth",3644,58,360572,42
46637,"Adult",5282,61,618158,146
46701,"Youth",2889,64,324302,136
46701,"Adult",8506,91,1285576,349
46702,"Youth",2487,45,319158,64
46702,"Adult",3340,37,440472,168
46703,"Youth",9319,194,1139679,294
46703,"Adult",27768,306,3568956,1421
46705,"Adult",3186,34,393344,74
46706,"Youth",6826,152,869447,160
46706,"Adult",23086,278,2838416,1301
46710,"Youth",1590,36,167348,52
46710,"Adult",3249,42,545939,153
46711,"Youth",2357,49,322138,99
46711,"Adult",5326,82,830840,211
46714,"Youth",6527,142,747542,213
46714,"Adult",18818,272,3293959,885
46721,"Youth",2546,52,278743,90
46721,"Adult",6887,85,1082077,345
46723,"Youth",1580,35,261327,32
46723,"Adult",2401,38,435932,84
46725,"Youth",10978,198,1697626,233
46725,"Adult",25456,282,6582913,1271
46732,"Youth",3511,56,486517,68
46732,"Adult",4718,58,573465,236
46733,"Youth",7036,152,781425,203
46733,"Adult",19715,287,3475257,1029
46737,"Youth",2600,59,294159,152
46737,"Adult",4625,67,714483,191
46738,"Youth",4972,102,635200,144
46738,"Adult",7940,133,1055902,487
46740,"Youth",1636,32,145665,39
46740,"Adult",3131,43,470159,151
46742,"Youth",1850,26,252297,22
46742,"Adult",2965,36,296592,158
46746,"Youth",1581,30,242744,41
46746,"Adult",4262,48,842349,84
46747,"Youth",995,27,101141,58
46747,"Adult",1938,24,223311,131
46748,"Youth",1899,27,215146,33
46748,"Adult",2243,29,417529,86
46750,"Youth",25114,359,3433256,612
46750,"Adult",45637,535,9488597,1854
46755,"Youth",12989,240,1576424,342
46755,"Adult",39345,393,5401048,1854
46761,"Youth",4209,75,572623,114
46761,"Adult",13581,149,3400332,397
46765,"Youth",1897,29,180929,26
46767,"Youth",3238,84,399876,87
46767,"Adult",5542,73,880946,272
46770,"Adult",1877,21,407251,64
46774,"Youth",5768,102,874396,145
46774,"Adult",12370,160,1911035,713
46776,"Adult",1647,21,196942,59
46777,"Youth",2691,48,298268,83
46777,"Adult",3146,51,348696,63
46779,"Youth",1272,21,153309,51
46779,"Adult",1245,25,123549,67
46783,"Adult",2226,31,758858,110
46784,"Youth",1169,27,144820,64
46784,"Adult",2442,27,300151,108
46787,"Youth",1273,33,188553,24
46787,"Adult",1878,26,305754,91
46792,"Youth",1701,31,192521,31
46792,"Adult",1928,24,246759,65
46793,"Youth",2917,58,333690,151
46793,"Adult",4569,75,549260,343
46795,"Youth",2986,55,343143,110
46795,"Adult",4824,65,529688,263
46802,"Youth",4473,96,672519,127
46802,"Adult",38445,520,6360056,2558
46803,"Youth",7323,177,1042686,261
46803,"Adult",24840,372,3548888,1574
46804,"Youth",3711,65,627164,58
46804,"Adult",8597,126,1491402,363
46805,"Youth",10413,183,1566925,276
46805,"Adult",41242,505,6700887,2421
46806,"Youth",23375,487,3479027,718
46806,"Adult",39427,644,6965182,3294
46807,"Youth",10735,197,1466846,270
46807,"Adult",22441,360,3679324,1444
46808,"Youth",12918,266,1822960,474
46808,"Adult",47102,594,7807107,3323
46809,"Youth",3808,76,547791,108
46809,"Adult",13966,186,2835947,547
46814,"Youth",1518,30,215961,NA
46814,"Adult",2468,34,394203,45
46815,"Youth",8655,162,1224755,172
46815,"Adult",19706,240,3651113,902
46816,"Youth",9378,195,1567004,303
46816,"Adult",33537,438,5512340,2068
46818,"Youth",7458,146,1184210,246
46818,"Adult",21807,266,4637997,910
46819,"Youth",3725,63,485313,55
46819,"Adult",7031,100,1147783,366
46825,"Youth",8092,166,1097290,253
46825,"Adult",26972,319,5115619,1513
46835,"Youth",6013,130,790693,139
46835,"Adult",15743,219,3301758,673
46845,"Youth",1460,27,200502,32
46845,"Adult",3072,46,756781,121
46901,"Youth",27041,562,4112679,683
46901,"Adult",69586,941,10024700,3205
46902,"Youth",17014,358,2231404,461
46902,"Adult",44956,550,6275445,2055
46904,"Adult",7446,32,2302196,89
46910,"Youth",2309,40,397650,41
46910,"Adult",3497,47,420571,223
46914,"Adult",3536,37,481234,149
46919,"Adult",3044,38,416663,125
46923,"Youth",5566,87,507399,101
46923,"Adult",7680,106,817506,307
46926,"Youth",1184,22,103655,26
46926,"Adult",2299,25,258694,58
46928,"Youth",2298,43,272623,74
46928,"Adult",3284,54,376381,212
46929,"Youth",3020,47,304825,85
46929,"Adult",3836,45,657029,199
46932,"Youth",1286,21,158197,32
46932,"Adult",1827,33,233560,103
46933,"Youth",3858,61,451979,100
46933,"Adult",10361,117,1452750,424
46936,"Youth",1551,41,154540,96
46936,"Adult",3030,44,424974,122
46938,"Youth",1821,32,196739,49
46938,"Adult",2466,48,254069,141
46939,"Youth",1483,28,204120,30
46939,"Adult",2610,37,302926,116
46940,"Adult",2686,23,1466996,75
46947,"Youth",28388,479,3715303,627
46947,"Adult",86503,792,14306445,2718
46951,"Adult",1411,23,149505,53
46952,"Youth",10510,190,1372558,360
46952,"Adult",60147,635,8791082,2963
46953,"Youth",9916,222,1094858,422
46953,"Adult",72657,757,8475747,3585
46962,"Youth",5309,98,747203,99
46962,"Adult",7556,104,1258720,210
46970,"Youth",22893,461,2590905,611
46970,"Adult",51312,609,7555810,2228
46975,"Youth",13377,253,1705885,308
46975,"Adult",22270,294,2732692,817
46978,"Youth",2742,39,326096,24
46979,"Youth",1045,23,132372,36
46979,"Adult",2084,29,343859,52
46982,"Youth",1808,28,236014,51
46982,"Adult",2535,31,868856,85
46989,"Adult",2381,34,466421,124
46991,"Adult",2406,24,266261,96
46992,"Youth",21985,324,2737641,450
46992,"Adult",28774,391,6714237,1171
46996,"Youth",4778,75,688330,108
46996,"Adult",12609,152,1984107,445
47001,"Youth",4386,100,735793,131
47001,"Adult",17291,216,2756713,825
47006,"Youth",4418,93,466918,199
47006,"Adult",14463,158,2559255,524
47012,"Youth",3850,85,365312,102
47012,"Adult",8901,125,1090409,290
47018,"Youth",1256,35,158414,61
47018,"Adult",4971,74,791744,196
47024,"Youth",3656,61,391984,83
47024,"Adult",5682,75,799319,200
47025,"Youth",6371,156,658605,249
47025,"Adult",34728,409,6227484,1250
47030,"Youth",1564,27,221312,43
47030,"Adult",1464,27,173027,74
47031,"Youth",2190,53,286111,89
47031,"Adult",5269,78,734374,215
47032,"Youth",977,29,102270,63
47032,"Adult",3294,52,394266,190
47037,"Youth",1825,38,229598,61
47037,"Adult",3602,55,454696,348
47038,"Youth",1087,22,190421,50
47040,"Youth",1555,37,160703,49
47040,"Adult",4058,57,557077,140
47041,"Youth",1651,29,181281,48
47041,"Adult",3264,52,556808,147
47042,"Youth",2133,54,271806,85
47042,"Adult",5058,69,879424,292
47043,"Youth",2210,58,271593,74
47043,"Adult",7354,100,1102698,203
47060,"Youth",1537,36,179024,40
47060,"Adult",3536,50,557525,95
47102,"Youth",3971,82,416226,168
47102,"Adult",18418,236,2615618,673
47108,"Adult",1645,25,203785,110
47111,"Youth",3333,76,275046,86
47111,"Adult",9963,133,1027774,313
47112,"Youth",3689,58,423024,83
47112,"Adult",12513,124,1795160,349
47118,"Youth",1389,37,158256,40
47118,"Adult",3810,53,381673,153
47119,"Adult",3123,43,2078692,44
47122,"Youth",1632,23,366398,NA
47122,"Adult",3461,35,424814,111
47126,"Adult",2182,30,387278,98
47129,"Youth",8347,180,931556,179
47129,"Adult",27590,281,3267302,872
47130,"Youth",17507,327,2395703,408
47130,"Adult",70774,677,9014166,2544
47138,"Youth",1398,41,125867,49
47138,"Adult",4198,60,457014,112
47140,"Youth",1470,24,136081,49
47140,"Adult",4268,52,451894,177
47150,"Youth",13192,275,1720829,346
47150,"Adult",66197,701,9385173,2603
47161,"Adult",2620,35,316690,100
47164,"Adult",3370,34,439179,60
47165,"Youth",2181,49,269468,48
47165,"Adult",7721,81,835635,179
47167,"Youth",8051,151,865134,188
47167,"Adult",27378,275,3428515,955
47170,"Youth",6115,116,703568,191
47170,"Adult",26647,317,3840867,1201
47172,"Youth",3397,74,438213,68
47172,"Adult",5743,81,680492,220
47201,"Youth",16802,328,2219682,532
47201,"Adult",58400,738,8156930,3646
47202,"Adult",1440,27,119733,110
47203,"Youth",9393,160,1464874,283
47203,"Adult",28938,317,4451005,1866
47220,"Youth",2228,35,257324,68
47220,"Adult",3896,67,588826,237
47229,"Youth",601,22,64208,21
47229,"Adult",3649,56,652974,245
47230,"Youth",756,29,72615,37
47230,"Adult",2367,35,330970,113
47232,"Adult",1598,25,241290,100
47235,"Adult",973,23,115106,56
47240,"Youth",12603,291,1438633,488
47240,"Adult",28601,385,3584910,1668
47243,"Youth",3777,76,391958,114
47243,"Adult",6474,99,931113,312
47246,"Youth",2024,26,227780,33
47246,"Adult",4083,48,478490,219
47250,"Youth",12693,237,1644025,332
47250,"Adult",35075,477,5014545,1501
47260,"Adult",948,23,219743,49
47265,"Youth",12302,209,1391439,252
47265,"Adult",31018,374,4029317,1478
47272,"Adult",2746,30,423713,162
47274,"Youth",7200,139,786341,307
47274,"Adult",31926,399,4084255,1960
47280,"Adult",1554,21,166070,118
47283,"Youth",1794,48,225275,78
47283,"Adult",2491,53,263820,249
47302,"Youth",29406,481,3056487,521
47302,"Adult",82916,873,10994668,3971
47303,"Youth",11559,192,1332835,250
47303,"Adult",43027,416,6003368,1611
47304,"Youth",24674,295,2723779,325
47304,"Adult",34459,303,6634152,1087
47305,"Youth",3597,64,345953,88
47305,"Adult",36682,301,5340621,1566
47320,"Youth",1247,29,408463,26
47320,"Adult",2895,36,547934,105
47325,"Adult",1544,22,187243,50
47327,"Youth",3172,45,323197,NA
47327,"Adult",4891,73,622800,196
47330,"Youth",3767,64,413158,53
47330,"Adult",10223,110,2599190,328
47331,"Youth",27245,413,3258861,527
47331,"Adult",59197,792,8716159,2281
47334,"Youth",1071,33,149386,45
47334,"Adult",2380,30,455137,132
47336,"Youth",4427,68,563898,50
47336,"Adult",3697,53,453329,232
47338,"Youth",2051,31,212169,42
47338,"Adult",2225,28,323135,165
47340,"Youth",1520,24,160294,44
47340,"Adult",2881,33,325416,107
47341,"Youth",2313,38,242021,33
47341,"Adult",2303,39,225718,69
47342,"Youth",2251,35,334686,47
47342,"Adult",2164,34,403126,131
47346,"Youth",981,22,92335,37
47346,"Adult",3703,45,456706,119
47348,"Youth",5035,94,589020,176
47348,"Adult",12747,159,1786089,568
47353,"Youth",3387,67,388738,60
47353,"Adult",3250,66,415205,168
47355,"Youth",1196,24,180828,NA
47355,"Adult",3728,48,511676,169
47356,"Youth",1503,29,156819,43
47356,"Adult",3473,51,541612,130
47359,"Youth",2162,35,207224,56
47359,"Adult",3742,59,502533,174
47362,"Youth",14003,241,1545684,369
47362,"Adult",44795,566,6881598,2153
47368,"Youth",1337,24,143821,NA
47368,"Adult",1571,26,300714,122
47371,"Youth",9674,137,981831,148
47371,"Adult",26497,213,3301045,768
47373,"Youth",1374,23,121666,45
47373,"Adult",3758,37,391786,142
47374,"Youth",68353,1003,7877123,1147
47374,"Adult",180396,1795,24735318,5988
47375,"Youth",4412,40,605297,39
47375,"Adult",2921,33,559214,105
47380,"Youth",1077,25,83654,NA
47380,"Adult",2488,28,425402,143
47390,"Youth",5966,91,771519,73
47390,"Adult",9358,93,944248,247
47394,"Youth",6305,117,929657,178
47394,"Adult",21890,222,2999674,943
47396,"Youth",3494,52,299780,61
47396,"Adult",3181,38,434365,78
47401,"Youth",4571,96,470708,145
47401,"Adult",43891,604,6721220,2538
47402,"Adult",2067,27,217659,101
47403,"Youth",9751,175,1371195,186
47403,"Adult",56428,661,7714181,2313
47404,"Youth",5612,133,970776,179
47404,"Adult",44109,612,5934619,2401
47408,"Adult",14613,169,3391893,481
47421,"Youth",5860,152,822810,199
47421,"Adult",27966,434,3822766,1827
47424,"Youth",2749,67,285373,73
47424,"Adult",12761,156,1383042,711
47429,"Youth",1198,22,138380,30
47429,"Adult",6722,100,1004618,238
47431,"Adult",1822,29,215903,80
47432,"Youth",1581,33,138226,48
47432,"Adult",5080,66,883931,215
47433,"Youth",1243,34,109679,24
47433,"Adult",3619,63,487314,187
47438,"Youth",1668,44,144177,63
47438,"Adult",7630,85,920529,316
47441,"Youth",4122,72,434057,174
47441,"Adult",16437,186,2189860,672
47443,"Adult",2037,25,177867,97
47446,"Youth",3448,78,368943,85
47446,"Adult",8072,139,1123623,580
47448,"Youth",3912,81,491452,91
47448,"Adult",7858,108,947264,357
47451,"Adult",1304,23,198531,83
47452,"Youth",1574,43,227789,57
47452,"Adult",6854,78,684938,252
47454,"Youth",4192,89,497747,146
47454,"Adult",14699,191,2362213,755
47459,"Adult",2300,46,306222,132
47460,"Youth",5032,130,665703,120
47460,"Adult",13407,208,1818052,572
47462,"Adult",2635,51,318862,117
47469,"Adult",2260,31,256048,121
47471,"Youth",850,22,78330,21
47471,"Adult",3112,47,273274,162
47501,"Youth",9278,197,1015965,279
47501,"Adult",35524,407,4201148,2079
47512,"Youth",2835,63,257602,108
47512,"Adult",8134,88,848955,711
47520,"Youth",2115,47,203096,126
47520,"Adult",4532,70,629834,447
47523,"Adult",2348,26,362269,106
47542,"Youth",1974,45,180209,70
47542,"Adult",7396,94,1264074,370
47546,"Youth",4437,92,710330,163
47546,"Adult",15481,168,2942728,519
47553,"Youth",2257,43,199949,69
47553,"Adult",8572,108,1047247,302
47562,"Adult",2494,29,345123,117
47567,"Youth",2141,48,206425,56
47567,"Adult",7772,89,1318255,378
47581,"Youth",955,30,281771,38
47581,"Adult",3281,52,273110,111
47586,"Youth",4514,84,588314,271
47586,"Adult",9942,138,1534790,688
47591,"Youth",18436,335,1839554,666
47591,"Adult",62526,613,7036116,4331
47598,"Youth",1181,24,127229,NA
47598,"Adult",2442,29,320444,136
47601,"Youth",4202,117,599070,271
47601,"Adult",12737,171,1666086,771
47610,"Youth",2074,54,218140,107
47610,"Adult",4920,71,541317,317
47611,"Adult",986,21,67493,47
47615,"Adult",954,21,179833,91
47620,"Youth",3127,88,283970,80
47620,"Adult",14163,199,1959114,673
47630,"Youth",3994,92,753674,143
47630,"Adult",10266,134,1616063,406
47635,"Youth",1327,28,145629,55
47635,"Adult",6778,76,832862,292
47648,"Youth",552,23,158933,34
47648,"Adult",2078,35,350404,183
47660,"Youth",987,33,96424,48
47660,"Adult",3771,56,602602,227
47665,"Youth",959,24,99394,53
47665,"Adult",2349,36,268517,115
47670,"Youth",4584,115,744513,171
47670,"Adult",12248,202,1310136,1016
47708,"Adult",2310,23,352077,201
47710,"Youth",7204,166,1181959,308
47710,"Adult",33083,443,4552754,1948
47711,"Youth",6197,158,738103,304
47711,"Adult",29701,421,3876164,2232
47712,"Youth",6455,146,971008,270
47712,"Adult",15745,214,1699900,774
47713,"Youth",7553,153,892107,325
47713,"Adult",33333,457,5703154,2304
47714,"Youth",11773,271,1616341,428
47714,"Adult",47051,585,7036660,3147
47715,"Youth",7344,136,1963646,267
47715,"Adult",16619,232,2443423,978
47720,"Youth",3108,63,432809,75
47720,"Adult",6700,104,941134,324
47725,"Youth",927,30,98396,24
47725,"Adult",2463,33,429740,92
47802,"Youth",22297,291,2776408,446
47802,"Adult",39748,446,5779246,2077
47803,"Youth",7626,118,740119,219
47803,"Adult",20042,230,2923685,711
47804,"Youth",10975,185,1068998,273
47804,"Adult",44154,399,5634028,1942
47805,"Youth",4638,70,629130,127
47805,"Adult",9917,141,1124987,676
47807,"Youth",15540,216,1772756,481
47807,"Adult",43314,466,6083834,2350
47834,"Youth",10276,201,1201003,231
47834,"Adult",23634,328,2777802,1336
47838,"Adult",1887,22,266251,190
47841,"Adult",2566,24,417537,120
47842,"Youth",6808,105,717255,145
47842,"Adult",11127,152,1194355,463
47868,"Youth",1754,41,253124,54
47868,"Adult",4742,72,607876,234
47872,"Youth",2216,35,282202,52
47872,"Adult",9089,131,1383827,460
47874,"Youth",1324,23,140957,45
47874,"Adult",1402,24,145829,87
47879,"Youth",1568,29,121953,24
47879,"Adult",3840,43,465567,168
47882,"Youth",4362,83,449088,110
47882,"Adult",12192,143,1264905,491
47885,"Youth",4526,88,425248,124
47885,"Adult",9276,126,1181850,504
47901,"Youth",2161,37,413332,72
47901,"Adult",20589,168,2470516,1126
47904,"Youth",16685,200,1697884,361
47904,"Adult",57266,501,7021409,2273
47905,"Youth",24545,312,2542098,533
47905,"Adult",42576,453,5600957,1863
47906,"Youth",15186,221,1785784,313
47906,"Adult",35206,293,3791886,849
47909,"Youth",20496,293,2280576,400
47909,"Adult",26480,321,3292453,1262
47918,"Youth",4025,63,300518,72
47918,"Adult",11301,110,1386295,559
47920,"Youth",1169,22,209579,21
47921,"Youth",1050,22,99515,NA
47923,"Adult",3071,30,338943,155
47932,"Youth",3409,39,304489,47
47932,"Adult",2294,28,380163,101
47933,"Youth",21581,359,2259487,702
47933,"Adult",43972,607,5799819,2417
47944,"Youth",2270,49,348507,21
47944,"Adult",4261,68,474992,197
47946,"Youth",867,22,80996,35
47946,"Adult",1921,28,224247,81
47948,"Adult",1768,27,148478,55
47951,"Youth",1976,29,178351,28
47951,"Adult",2376,30,255494,66
47952,"Youth",1532,27,135926,37
47952,"Adult",2510,37,273355,100
47954,"Youth",2784,37,232147,45
47954,"Adult",1787,23,255534,158
47955,"Adult",953,22,101985,42
47957,"Youth",1589,26,157008,27
47957,"Adult",2114,32,419152,118
47959,"Youth",779,22,93315,52
47959,"Adult",3835,41,578649,174
47960,"Youth",9947,188,1177951,348
47960,"Adult",19199,277,3103413,1188
47963,"Youth",1605,21,128847,NA
47963,"Adult",2039,28,280663,103
47970,"Youth",2210,33,231424,45
47970,"Adult",2626,35,269205,108
47971,"Youth",1953,32,222549,22
47971,"Adult",3396,52,360273,86
47977,"Youth",1752,22,175555,55
47978,"Youth",6166,109,590681,189
47978,"Adult",11445,152,1469299,434
47987,"Youth",2170,41,178688,55
47987,"Adult",3227,45,378434,156
47990,"Adult",1695,24,267494,113
47993,"Youth",3729,66,310473,89
47993,"Adult",4339,61,390553,241
